<?xml version="1.0"?>
<doc>
    <assembly>
        <name>HeliumEdge.Services.ATS</name>
    </assembly>
    <members>
        <member name="M:HeliumEdge.Services.ATS.Controllers.AttachmentsController.Get(System.Int32)">
            <summary>
            Returns attachment path for a given attachment id
            </summary>
            <param name="id">Attachment ID</param>
            <returns></returns>
        </member>
        <member name="M:HeliumEdge.Services.ATS.Controllers.AttachmentsController.Download(System.Int32)">
            <summary>
            Returns attachment content bytes for a given attachment id
            </summary>
            <param name="id">Attachment ID</param>
            <returns></returns>
        </member>
        <member name="M:HeliumEdge.Services.ATS.Controllers.AttachmentsController.Post(System.String)">
            <summary>
            Endpoint to upload file data (Base64Encoded) in chunks. Request header should contain parameters for "ChunkIndex", "TotalChunks", "Module", "FileName" and "StorageFileName". During the first chunk upload request FileReferenceName should be null and API will send back FileReferenceName in the API Response. For the next chunk uploading this FileReferenceName should be sent to API to append the content to the same file.
            </summary>
            <param name="content"></param>
            <returns></returns>
        </member>
        <member name="T:HeliumEdge.Services.ATS.Controllers.CandidateController">
            <summary>
            Candidate Controller
            </summary>
        </member>
        <member name="M:HeliumEdge.Services.ATS.Controllers.CandidateController.#ctor(HeliumEdge.BusinessObjects.ATS.CandidateManager,HeliumEdge.Logging.IAsyncLoggerFactory)">
            <summary>
            Constructor
            </summary>
            <param name="candidateManager"></param>
            <param name="asyncLoggerFactory"></param>
        </member>
        <member name="M:HeliumEdge.Services.ATS.Controllers.CandidateController.List(HeliumEdge.DataTransfer.ATS.ListPageRequestDTO)">
            <summary>
            Get records for list page
            </summary>
            <param name="filterDTO"></param>
            <returns></returns>
        </member>
        <member name="M:HeliumEdge.Services.ATS.Controllers.CandidateController.Search(System.String)">
            <summary>
            Searches for candidate first name, middle name and last name with the provided search string and returns the matched records with Id and Name. This method is mainly useful for lookup data.
            </summary>
            <returns></returns>
        </member>
        <member name="M:HeliumEdge.Services.ATS.Controllers.CandidateController.GetCandidate(System.Int32)">
            <summary>
            Get Candidates by Candidate id
            </summary>
            <param name="id"></param>
            <returns></returns>
        </member>
        <member name="M:HeliumEdge.Services.ATS.Controllers.CandidateController.GetCandidateView(System.Int32)">
            <summary>
            Get Candidate Basic View Details by id
            </summary>
            <param name="id"></param>
            <returns></returns>
        </member>
        <member name="M:HeliumEdge.Services.ATS.Controllers.CandidateController.Post(HeliumEdge.DataTransfer.ATS.CandidateDTO)">
            <summary>
            Save Candidate
            </summary>
            <param name="model"></param>
            <returns></returns>
        </member>
        <member name="M:HeliumEdge.Services.ATS.Controllers.CandidateController.Delete(System.Collections.Generic.List{System.Int32})">
            <summary>
            Delete Candidates by Candidate Ids
            </summary>
            <param name="ids"></param>
            <returns></returns>
        </member>
        <member name="M:HeliumEdge.Services.ATS.Controllers.CandidateController.ChangeStatus(HeliumEdge.DataTransfer.ATS.EntitiesStatusDTO)">
            <summary>
            Change one or more candidates status
            </summary>
            <param name="model"></param>
            <returns></returns>
        </member>
        <member name="M:HeliumEdge.Services.ATS.Controllers.CompanyController.List(HeliumEdge.DataTransfer.ATS.ListPageRequestDTO)">
            <summary>
            Get the companies for list page
            </summary>
            <param name="filterDTO"></param>
            <returns></returns>
        </member>
        <member name="M:HeliumEdge.Services.ATS.Controllers.CompanyController.GetCompanyView(System.Int32)">
            <summary>
            Get Company basic view details by Id
            </summary>
            <param name="id"></param>
            <returns></returns>
        </member>
        <member name="M:HeliumEdge.Services.ATS.Controllers.CompanyController.Search(System.String)">
            <summary>
            Searches company name with the provided search string and returns the matched records with Id and Name. This method is mainly useful for lookup data.
            </summary>
            <returns></returns>
        </member>
        <member name="M:HeliumEdge.Services.ATS.Controllers.CompanyController.Get(System.Int32)">
            <summary>
            Get company details by Id
            </summary>
            <param name="id"></param>
            <returns></returns>
        </member>
        <member name="M:HeliumEdge.Services.ATS.Controllers.CompanyController.Post(HeliumEdge.DataTransfer.ATS.CompanyDTO)">
            <summary>
            Create new Company
            </summary>
            <param name="model"></param>
            <returns></returns>
        </member>
        <member name="M:HeliumEdge.Services.ATS.Controllers.CompanyController.Delete(System.Collections.Generic.List{System.Int32})">
            <summary>
            Delete companies by the given Id(s).
            </summary>
            <param name="ids"></param>
            <returns></returns>
        </member>
        <member name="M:HeliumEdge.Services.ATS.Controllers.ContactController.List(HeliumEdge.DataTransfer.ATS.ListPageRequestDTO)">
            <summary>
            Get contacts for list page
            </summary>
            <param name="filterDTO"></param>
            <returns></returns>
        </member>
        <member name="M:HeliumEdge.Services.ATS.Controllers.ContactController.Get(System.Int32)">
            <summary>
            Get Contact details by Id
            </summary>
            <param name="Id"></param>
            <returns></returns>
        </member>
        <member name="M:HeliumEdge.Services.ATS.Controllers.ContactController.GetContactView(System.Int32)">
            <summary>
            Get Contact Basic View Details by id
            </summary>
            <param name="id">contact id</param>
            <returns></returns>
        </member>
        <member name="M:HeliumEdge.Services.ATS.Controllers.ContactController.Search(System.String)">
            <summary>
            Searches for contact first name and last name with the provided search string and returns the matched records with Id and Name. This method is mainly useful for lookup data.
            </summary>
            <returns></returns>
        </member>
        <member name="M:HeliumEdge.Services.ATS.Controllers.ContactController.SearchUnassigned(System.String)">
            <summary>
            Searches unassigned contact's first name and last name with the provided search string and returns the matched records with Id and Name. This method is mainly useful for lookup data.
            </summary>
            <returns></returns>
        </member>
        <member name="M:HeliumEdge.Services.ATS.Controllers.ContactController.Post(HeliumEdge.DataTransfer.ATS.ContactDTO)">
            <summary>
            Create a new contact
            </summary>
            <param name="contact">Contact Object</param>
            <returns></returns>
        </member>
        <member name="M:HeliumEdge.Services.ATS.Controllers.ContactController.ChangeStatus(HeliumEdge.DataTransfer.ATS.EntitiesStatusDTO)">
            <summary>
            Change one or more contacts status
            </summary>
            <param name="model"></param>
            <returns></returns>
        </member>
        <member name="M:HeliumEdge.Services.ATS.Controllers.ContactController.SearchByCompanyId(System.Int32,System.String)">
            <summary>
            Searches for contact first name and last name with the provided search string and returns the matched records with Id and Name. This method is mainly useful for lookup data.
            </summary>
            <returns></returns>
        </member>
        <member name="M:HeliumEdge.Services.ATS.Controllers.JobController.List(HeliumEdge.DataTransfer.ATS.ListPageRequestDTO)">
            <summary>
            Get Jobs for list page
            </summary>
            <param name="filterDTO"></param>
            <returns></returns>
        </member>
        <member name="M:HeliumEdge.Services.ATS.Controllers.JobController.Search(System.String)">
            <summary>
            Searches Job Title with the provided search string and returns the matched records with Id and Name. This method is mainly useful for lookup data.
            </summary>
            <returns></returns>
        </member>
        <member name="M:HeliumEdge.Services.ATS.Controllers.JobController.Get(System.Int32)">
            <summary>
            Get Job details by Id
            </summary>
            <param name="id"></param>
            <returns></returns>
        </member>
        <member name="M:HeliumEdge.Services.ATS.Controllers.JobController.Post(HeliumEdge.DataTransfer.ATS.JobDTO)">
            <summary>
            Create new Job
            </summary>
            <param name="model"></param>
            <returns></returns>
        </member>
        <member name="T:HeliumEdge.Services.ATS.Controllers.RoleController">
            <summary>
            Role Controller
            </summary>
        </member>
        <member name="M:HeliumEdge.Services.ATS.Controllers.RoleController.#ctor(HeliumEdge.BusinessObjects.ATS.RoleManager)">
            <summary>
             Constructor
            </summary>
            <param name="roleManager">role nanager</param>
        </member>
        <member name="M:HeliumEdge.Services.ATS.Controllers.RoleController.Get">
            <summary>
            Search users by text
            </summary>
            <returns></returns>
        </member>
        <member name="T:HeliumEdge.Services.ATS.Controllers.TokenController">
            <summary>
            Token Controller
            </summary>
        </member>
        <member name="M:HeliumEdge.Services.ATS.Controllers.TokenController.#ctor(HeliumEdge.BusinessObjects.ATS.SecurityManager,Microsoft.Extensions.Configuration.IConfiguration)">
            <summary>
            constructor
            </summary>
            <param name="securityManager"></param>
            <param name="configuration"></param>
        </member>
        <member name="M:HeliumEdge.Services.ATS.Controllers.TokenController.GetUserPermissions(System.Int32)">
            <summary>
            Returns User permissions
            </summary>
            <param name="id">user id</param>
            <returns></returns>
        </member>
        <member name="M:HeliumEdge.Services.ATS.Controllers.TokenController.Login(HeliumEdge.DataObjects.ATS.LoginModel)">
            <summary>
            Returns token if the credentials are correct
            </summary>
            <param name="login">login model</param>
            <returns></returns>
        </member>
        <member name="T:HeliumEdge.Services.ATS.Controllers.UserController">
            <summary>
            User Controller
            </summary>
        </member>
        <member name="M:HeliumEdge.Services.ATS.Controllers.UserController.#ctor(HeliumEdge.BusinessObjects.ATS.UserManager)">
            <summary>
             Constructor
            </summary>
            <param name="userManager"></param>
        </member>
        <member name="M:HeliumEdge.Services.ATS.Controllers.UserController.Search(System.String)">
            <summary>
            Search users by text
            </summary>
            <param name="text"></param>
            <returns></returns>
        </member>
        <member name="M:HeliumEdge.Services.ATS.Controllers.UserController.Register(HeliumEdge.DataTransfer.ATS.UserDTO)">
            <summary>
            Registers the user in a tenant
            </summary>
            <param name="user">User DTO</param>
            <returns></returns>
        </member>
        <member name="T:HeliumEdge.Services.ATS.Filters.ExceptionFilter">
            <summary>
            
            </summary>
        </member>
        <member name="M:HeliumEdge.Services.ATS.Filters.ExceptionFilter.OnException(Microsoft.AspNetCore.Mvc.Filters.ExceptionContext)">
            <summary>
            
            </summary>
            <param name="context"></param>
        </member>
    </members>
</doc>
